{"cameraMode":{"drawMode":0,"name":"Shaded","section":"Shading Mode"},"sceneLighting":true,"audioPlay":false,"sceneViewState":{"m_AlwaysRefresh":false,"showFog":true,"showSkybox":true,"showFlares":true,"showImageEffects":true,"showParticleSystems":true,"showVisualEffectGraphs":true,"m_FxEnabled":true},"in2DMode":false,"pivot":{"x":28.004297256469728,"y":-5.551168918609619,"z":28.405296325683595},"rotation":{"x":-0.20308390259742738,"y":0.030951932072639467,"z":-0.006406113505363464,"w":-0.9787330627441406},"size":11.119077682495118,"orthographic":true}