{"cameraMode":{"drawMode":0,"name":"Shaded","section":"Shading Mode"},"sceneLighting":true,"audioPlay":false,"sceneViewState":{"m_AlwaysRefresh":false,"showFog":true,"showSkybox":true,"showFlares":true,"showImageEffects":true,"showParticleSystems":true,"showVisualEffectGraphs":true,"m_FxEnabled":true},"in2DMode":false,"pivot":{"x":-4.956892967224121,"y":-3.2886228561401369,"z":1.784492015838623},"rotation":{"x":0.40776002407073977,"y":-0.0019192880718037487,"z":0.0008574313833378255,"w":0.9130881428718567},"size":6.0776143074035648,"orthographic":false}