{"cameraMode":{"drawMode":0,"name":"Shaded","section":"Shading Mode"},"sceneLighting":true,"audioPlay":false,"sceneViewState":{"m_AlwaysRefresh":false,"showFog":true,"showSkybox":true,"showFlares":true,"showImageEffects":true,"showParticleSystems":true,"showVisualEffectGraphs":true,"m_FxEnabled":true},"in2DMode":false,"pivot":{"x":43.675418853759769,"y":6.2066144943237309,"z":-9.096927642822266},"rotation":{"x":0.1823386400938034,"y":0.0035039414651691915,"z":-0.0007359996670857072,"w":0.9836794137954712},"size":1.8595448732376099,"orthographic":true}